Workbook

Sheet Results
A1: CICIDS2017 (Tue + Wed + Thu-Morning) - all 15 runs
A2: Blue = values taken from each script's printed output (.log files). Metrics are on the test split.
A4: Algorithm | B4: Test size | C4: Accuracy | D4: Precision (weighted) | E4: Recall (weighted) | F4: F1 (weighted) | G4: Precision (macro) | H4: Recall (macro) | I4: F1 (macro)
A5: Decision Tree | B5: 0.3 | C5: 0.999 | D5: 0.999 | E5: 0.999 | F5: 0.999 | G5: 0.8704 | H5: 0.8662 | I5: 0.8679
A6: Decision Tree | B6: 0.5 | C6: 0.999 | D6: 0.999 | E6: 0.999 | F6: 0.999 | G6: 0.8646 | H6: 0.8438 | I6: 0.853
A7: Decision Tree | B7: 0.7 | C7: 0.9989 | D7: 0.9989 | E7: 0.9989 | F7: 0.9989 | G7: 0.8838 | H7: 0.837 | I7: 0.8509
A8: Linear Discriminant Analysis | B8: 0.3 | C8: 0.9056 | D8: 0.9412 | E8: 0.9056 | F8: 0.9204 | G8: 0.4258 | H8: 0.6594 | I8: 0.4504
A9: Linear Discriminant Analysis | B9: 0.5 | C9: 0.9076 | D9: 0.9428 | E9: 0.9076 | F9: 0.9222 | G9: 0.431 | H9: 0.6706 | I9: 0.4561
A10: Linear Discriminant Analysis | B10: 0.7 | C10: 0.9088 | D10: 0.9427 | E10: 0.9088 | F10: 0.9229 | G10: 0.4296 | H10: 0.6469 | I10: 0.4548
A11: Logistic Regression | B11: 0.3 | C11: 0.9821 | D11: 0.9811 | E11: 0.9821 | F11: 0.981 | G11: 0.749 | H11: 0.6429 | I11: 0.6598
A12: Logistic Regression | B12: 0.5 | C12: 0.9817 | D12: 0.9803 | E12: 0.9817 | F12: 0.9803 | G12: 0.697 | H12: 0.6202 | I12: 0.6442
A13: Logistic Regression | B13: 0.7 | C13: 0.9811 | D13: 0.9797 | E13: 0.9811 | F13: 0.9797 | G13: 0.6785 | H13: 0.617 | I13: 0.6363
A14: Gaussian Naive Bayes | B14: 0.3 | C14: 0.3015 | D14: 0.9327 | E14: 0.3015 | F14: 0.3973 | G14: 0.2844 | H14: 0.6078 | I14: 0.2264
A15: Gaussian Naive Bayes | B15: 0.5 | C15: 0.2991 | D15: 0.9407 | E15: 0.2991 | F15: 0.3977 | G15: 0.2844 | H15: 0.6142 | I15: 0.2091
A16: Gaussian Naive Bayes | B16: 0.7 | C16: 0.3003 | D16: 0.9192 | E16: 0.3003 | F16: 0.3918 | G16: 0.2754 | H16: 0.6313 | I16: 0.2176
... A19: Random Forest | B19: 0.7 | C19: 0.9988 | D19: 0.9987 | E19: 0.9988 | F19: 0.9987 | G19: 0.8771 | H19: 0.8205 | I19: 0.8326
A21: Note: weighted recall always equals accuracy (mathematical identity), so it matches column C. Macro averages treat every class equally, so rare attack classes pull them down.

Sheet Comparison
A1: Average across the 3 splits (30%, 50%, 70% test) - one row per algorithm
A3: Weighted averages (dominated by the large BENIGN class)
A4: Algorithm | B4: Accuracy | C4: Precision | D4: Recall | E4: F1
A5: Decision Tree | B5: =AVERAGEIFS(Results!$C$5:$C$19,Results!$A$5:$A$19,$A5) -> 0.99896667 | C5: =AVERAGEIFS(Results!$D$5:$D$19,Results!$A$5:$A$19,$A5) -> 0.99896667 | D5: =AVERAGEIFS(Results!$E$5:$E$19,Results!$A$5:$A$19,$A5) -> 0.99896667 | E5: =AVERAGEIFS(Results!$F$5:$F$19,Results!$A$5:$A$19,$A5) -> 0.99896667
A6: Random Forest | B6: =AVERAGEIFS(Results!$C$5:$C$19,Results!$A$5:$A$19,$A6) -> 0.9989 | C6: =AVERAGEIFS(Results!$D$5:$D$19,Results!$A$5:$A$19,$A6) -> 0.99883333 | D6: =AVERAGEIFS(Results!$E$5:$E$19,Results!$A$5:$A$19,$A6) -> 0.9989 | E6: =AVERAGEIFS(Results!$F$5:$F$19,Results!$A$5:$A$19,$A6) -> 0.99883333
A7: Logistic Regression | B7: =AVERAGEIFS(Results!$C$5:$C$19,Results!$A$5:$A$19,$A7) -> 0.98163333 | C7: =AVERAGEIFS(Results!$D$5:$D$19,Results!$A$5:$A$19,$A7) -> 0.98036667 | D7: =AVERAGEIFS(Results!$E$5:$E$19,Results!$A$5:$A$19,$A7) -> 0.98163333 | E7: =AVERAGEIFS(Results!$F$5:$F$19,Results!$A$5:$A$19,$A7) -> 0.98033333
A8: Linear Discriminant Analysis | B8: =AVERAGEIFS(Results!$C$5:$C$19,Results!$A$5:$A$19,$A8) -> 0.90733333 | C8: =AVERAGEIFS(Results!$D$5:$D$19,Results!$A$5:$A$19,$A8) -> 0.94223333 | D8: =AVERAGEIFS(Results!$E$5:$E$19,Results!$A$5:$A$19,$A8) -> 0.90733333 | E8: =AVERAGEIFS(Results!$F$5:$F$19,Results!$A$5:$A$19,$A8) -> 0.92183333
A9: Gaussian Naive Bayes | B9: =AVERAGEIFS(Results!$C$5:$C$19,Results!$A$5:$A$19,$A9) -> 0.3003 | C9: =AVERAGEIFS(Results!$D$5:$D$19,Results!$A$5:$A$19,$A9) -> 0.93086667 | D9: =AVERAGEIFS(Results!$E$5:$E$19,Results!$A$5:$A$19,$A9) -> 0.3003 | E9: =AVERAGEIFS(Results!$F$5:$F$19,Results!$A$5:$A$19,$A9) -> 0.3956
A10: Best algorithm | B10: =INDEX($A$5:$A$9,MATCH(MAX(B5:B9),B5:B9,0)) -> Decision Tree | C10: =INDEX($A$5:$A$9,MATCH(MAX(C5:C9),C5:C9,0)) -> Decision Tree | D10: =INDEX($A$5:$A$9,MATCH(MAX(D5:D9),D5:D9,0)) -> Decision Tree | E10: =INDEX($A$5:$A$9,MATCH(MAX(E5:E9),E5:E9,0)) -> Decision Tree
A13: Macro averages (every class counts equally - better for rare attacks)
A14: Algorithm | B14: Accuracy | C14: Precision | D14: Recall | E14: F1
A15: Decision Tree | B15: =AVERAGEIFS(Results!$C$5:$C$19,Results!$A$5:$A$19,$A15) -> 0.99896667 | C15: =AVERAGEIFS(Results!$G$5:$G$19,Results!$A$5:$A$19,$A15) -> 0.87293333 | D15: =AVERAGEIFS(Results!$H$5:$H$19,Results!$A$5:$A$19,$A15) -> 0.849 | E15: =AVERAGEIFS(Results!$I$5:$I$19,Results!$A$5:$A$19,$A15) -> 0.85726667
A16: Random Forest | B16: =AVERAGEIFS(Results!$C$5:$C$19,Results!$A$5:$A$19,$A16) -> 0.9989 | C16: =AVERAGEIFS(Results!$G$5:$G$19,Results!$A$5:$A$19,$A16) -> 0.89603333 | D16: =AVERAGEIFS(Results!$H$5:$H$19,Results!$A$5:$A$19,$A16) -> 0.8272 | E16: =AVERAGEIFS(Results!$I$5:$I$19,Results!$A$5:$A$19,$A16) -> 0.84183333
A17: Logistic Regression | B17: =AVERAGEIFS(Results!$C$5:$C$19,Results!$A$5:$A$19,$A17) -> 0.98163333 | C17: =AVERAGEIFS(Results!$G$5:$G$19,Results!$A$5:$A$19,$A17) -> 0.70816667 | D17: =AVERAGEIFS(Results!$H$5:$H$19,Results!$A$5:$A$19,$A17) -> 0.6267 | E17: =AVERAGEIFS(Results!$I$5:$I$19,Results!$A$5:$A$19,$A17) -> 0.64676667
A18: Linear Discriminant Analysis | B18: =AVERAGEIFS(Results!$C$5:$C$19,Results!$A$5:$A$19,$A18) -> 0.90733333 | C18: =AVERAGEIFS(Results!$G$5:$G$19,Results!$A$5:$A$19,$A18) -> 0.4288 | D18: =AVERAGEIFS(Results!$H$5:$H$19,Results!$A$5:$A$19,$A18) -> 0.65896667 | E18: =AVERAGEIFS(Results!$I$5:$I$19,Results!$A$5:$A$19,$A18) -> 0.45376667
A19: Gaussian Naive Bayes | B19: =AVERAGEIFS(Results!$C$5:$C$19,Results!$A$5:$A$19,$A19) -> 0.3003 | C19: =AVERAGEIFS(Results!$G$5:$G$19,Results!$A$5:$A$19,$A19) -> 0.2814 | D19: =AVERAGEIFS(Results!$H$5:$H$19,Results!$A$5:$A$19,$A19) -> 0.61776667 | E19: =AVERAGEIFS(Results!$I$5:$I$19,Results!$A$5:$A$19,$A19) -> 0.2177
A20: Best algorithm | B20: =INDEX($A$15:$A$19,MATCH(MAX(B15:B19),B15:B19,0)) -> Decision Tree | C20: =INDEX($A$15:$A$19,MATCH(MAX(C15:C19),C15:C19,0)) -> Random Forest | D20: =INDEX($A$15:$A$19,MATCH(MAX(D15:D19),D15:D19,0)) -> Decision Tree | E20: =INDEX($A$15:$A$19,MATCH(MAX(E15:E19),E15:E19,0)) -> Decision Tree
